{"title":"追踪检测（tracker）","isOfSubtask":false,"scoreScript":"raw","cases":[{"ansId":0,"inputFile":"1.in","memLimit":512,"outputFile":"1.ans","score":10,"timeLimit":1000,"_id":"6710acf5e79f9b47b620bf97"},{"ansId":0,"inputFile":"2.in","memLimit":512,"outputFile":"2.ans","score":10,"timeLimit":1000,"_id":"6710acf5e79f9b47b620bf98"},{"ansId":0,"inputFile":"3.in","memLimit":512,"outputFile":"3.ans","score":10,"timeLimit":1000,"_id":"6710acf5e79f9b47b620bf99"},{"ansId":0,"inputFile":"4.in","memLimit":512,"outputFile":"4.ans","score":10,"timeLimit":1000,"_id":"6710acf5e79f9b47b620bf9a"},{"ansId":0,"inputFile":"5.in","memLimit":512,"outputFile":"5.ans","score":10,"timeLimit":1000,"_id":"6710acf5e79f9b47b620bf9b"},{"ansId":0,"inputFile":"6.in","memLimit":512,"outputFile":"6.ans","score":10,"timeLimit":1000,"_id":"6710acf5e79f9b47b620bf9c"},{"ansId":0,"inputFile":"7.in","memLimit":512,"outputFile":"7.ans","score":10,"timeLimit":1000,"_id":"6710acf5e79f9b47b620bf9d"},{"ansId":0,"inputFile":"8.in","memLimit":512,"outputFile":"8.ans","score":10,"timeLimit":1000,"_id":"6710acf5e79f9b47b620bf9e"},{"ansId":0,"inputFile":"9.in","memLimit":512,"outputFile":"9.ans","score":10,"timeLimit":1000,"_id":"6710acf5e79f9b47b620bf9f"},{"ansId":0,"inputFile":"10.in","memLimit":512,"outputFile":"10.ans","score":10,"timeLimit":1000,"_id":"6710acf5e79f9b47b620bfa0"}],"langs":[{"name":"g++","exec":"g++","args":"-O2 -DONLINE_JUDGE","maxlen":65536,"editor":"cpp","_id":"67038a6ae79f9b47b61d48cf"},{"name":"gcc","exec":"gcc","args":"-O2 -DONLINE_JUDGE","maxlen":65536,"editor":"c","_id":"67038a6ae79f9b47b61d48d0"},{"name":"java","exec":"javac","maxlen":65536,"editor":"java","_id":"67038a6ae79f9b47b61d48d1"},{"name":"python","exec":"python3","maxlen":65536,"editor":"python","_id":"67038a6ae79f9b47b61d48d2"}],"subtasks":[],"additionalFiles":[]}