{"title":"数树（tree）","isOfSubtask":false,"scoreScript":"raw","cases":[{"ansId":0,"score":5,"inputFile":"1.in","outputFile":"1.ans","timeLimit":1000,"memLimit":256},{"ansId":0,"score":5,"inputFile":"2.in","outputFile":"2.ans","timeLimit":1000,"memLimit":256},{"ansId":0,"score":5,"inputFile":"3.in","outputFile":"3.ans","timeLimit":1000,"memLimit":256},{"ansId":0,"score":5,"inputFile":"4.in","outputFile":"4.ans","timeLimit":1000,"memLimit":256},{"ansId":0,"score":5,"inputFile":"5.in","outputFile":"5.ans","timeLimit":1000,"memLimit":256},{"ansId":0,"score":5,"inputFile":"6.in","outputFile":"6.ans","timeLimit":1000,"memLimit":256},{"ansId":0,"score":5,"inputFile":"7.in","outputFile":"7.ans","timeLimit":1000,"memLimit":256},{"ansId":0,"score":5,"inputFile":"8.in","outputFile":"8.ans","timeLimit":1000,"memLimit":256},{"ansId":0,"score":5,"inputFile":"9.in","outputFile":"9.ans","timeLimit":1000,"memLimit":256},{"ansId":0,"score":5,"inputFile":"10.in","outputFile":"10.ans","timeLimit":1000,"memLimit":256},{"ansId":0,"score":5,"inputFile":"11.in","outputFile":"11.ans","timeLimit":1000,"memLimit":256},{"ansId":0,"score":5,"inputFile":"12.in","outputFile":"12.ans","timeLimit":1000,"memLimit":256},{"ansId":0,"score":5,"inputFile":"13.in","outputFile":"13.ans","timeLimit":1000,"memLimit":256},{"ansId":0,"score":5,"inputFile":"14.in","outputFile":"14.ans","timeLimit":1000,"memLimit":256},{"ansId":0,"score":5,"inputFile":"15.in","outputFile":"15.ans","timeLimit":1000,"memLimit":256},{"ansId":0,"score":5,"inputFile":"16.in","outputFile":"16.ans","timeLimit":1000,"memLimit":256},{"ansId":0,"score":5,"inputFile":"17.in","outputFile":"17.ans","timeLimit":1000,"memLimit":256},{"ansId":0,"score":5,"inputFile":"18.in","outputFile":"18.ans","timeLimit":1000,"memLimit":256},{"ansId":0,"score":5,"inputFile":"19.in","outputFile":"19.ans","timeLimit":1000,"memLimit":256},{"ansId":0,"score":5,"inputFile":"20.in","outputFile":"20.ans","timeLimit":1000,"memLimit":256}],"langs":[{"name":"g++","exec":"g++","args":"-O2 -DONLINE_JUDGE","maxlen":65536,"editor":"cpp","_id":"67107621e79f9b47b6209904"},{"name":"gcc","exec":"gcc","args":"-O2 -DONLINE_JUDGE","maxlen":65536,"editor":"c","_id":"67107621e79f9b47b6209905"},{"name":"java","exec":"javac","maxlen":65536,"editor":"java","_id":"67107621e79f9b47b6209906"},{"name":"python","exec":"python3","maxlen":65536,"editor":"python","_id":"67107621e79f9b47b6209907"}],"subtasks":[],"additionalFiles":[]}