{"title":"NUMA 感知的调度系统（numaScheduler）","isOfSubtask":false,"scoreScript":"raw","cases":[{"ansId":0,"inputFile":"1.in","memLimit":512,"outputFile":"1.ans","score":10,"timeLimit":1000,"_id":"6710aca2e79f9b47b620bbfd"},{"ansId":0,"inputFile":"2.in","memLimit":512,"outputFile":"2.ans","score":10,"timeLimit":1000,"_id":"6710aca2e79f9b47b620bbfe"},{"ansId":0,"inputFile":"3.in","memLimit":512,"outputFile":"3.ans","score":10,"timeLimit":1000,"_id":"6710aca2e79f9b47b620bbff"},{"ansId":0,"inputFile":"4.in","memLimit":512,"outputFile":"4.ans","score":10,"timeLimit":1000,"_id":"6710aca2e79f9b47b620bc00"},{"ansId":0,"inputFile":"5.in","memLimit":512,"outputFile":"5.ans","score":10,"timeLimit":1000,"_id":"6710aca2e79f9b47b620bc01"},{"ansId":0,"inputFile":"6.in","memLimit":512,"outputFile":"6.ans","score":10,"timeLimit":1000,"_id":"6710aca2e79f9b47b620bc02"},{"ansId":0,"inputFile":"7.in","memLimit":512,"outputFile":"7.ans","score":10,"timeLimit":1000,"_id":"6710aca2e79f9b47b620bc03"},{"ansId":0,"inputFile":"8.in","memLimit":512,"outputFile":"8.ans","score":10,"timeLimit":1000,"_id":"6710aca2e79f9b47b620bc04"},{"ansId":0,"inputFile":"9.in","memLimit":512,"outputFile":"9.ans","score":10,"timeLimit":1000,"_id":"6710aca2e79f9b47b620bc05"},{"ansId":0,"inputFile":"10.in","memLimit":512,"outputFile":"10.ans","score":10,"timeLimit":1000,"_id":"6710aca2e79f9b47b620bc06"}],"langs":[{"name":"g++","exec":"g++","args":"-O2 -DONLINE_JUDGE","maxlen":65536,"editor":"cpp"},{"name":"gcc","exec":"gcc","args":"-O2 -DONLINE_JUDGE","maxlen":65536,"editor":"c"},{"name":"java","exec":"javac","maxlen":65536,"editor":"java"},{"name":"python","exec":"python3","maxlen":65536,"editor":"python"}],"subtasks":[],"additionalFiles":[]}