{"title":"I/O 任务调度队列（ioqueue）","isOfSubtask":false,"scoreScript":"raw","cases":[{"ansId":0,"score":10,"inputFile":"1.in","outputFile":"1.ans","timeLimit":1000,"memLimit":512},{"ansId":0,"score":10,"inputFile":"2.in","outputFile":"2.ans","timeLimit":1000,"memLimit":512},{"ansId":0,"score":10,"inputFile":"3.in","outputFile":"3.ans","timeLimit":1000,"memLimit":512},{"ansId":0,"score":10,"inputFile":"4.in","outputFile":"4.ans","timeLimit":1000,"memLimit":512},{"ansId":0,"score":10,"inputFile":"5.in","outputFile":"5.ans","timeLimit":1000,"memLimit":512},{"ansId":0,"score":10,"inputFile":"6.in","outputFile":"6.ans","timeLimit":1000,"memLimit":512},{"ansId":0,"score":10,"inputFile":"7.in","outputFile":"7.ans","timeLimit":1000,"memLimit":512},{"ansId":0,"score":10,"inputFile":"8.in","outputFile":"8.ans","timeLimit":1000,"memLimit":512},{"ansId":0,"score":10,"inputFile":"9.in","outputFile":"9.ans","timeLimit":1000,"memLimit":512},{"ansId":0,"score":10,"inputFile":"10.in","outputFile":"10.ans","timeLimit":1000,"memLimit":512}],"langs":[{"name":"g++","exec":"g++","args":"-O2 -DONLINE_JUDGE","maxlen":65536,"editor":"cpp","_id":"6710ac7ce79f9b47b620bb60"},{"name":"gcc","exec":"gcc","args":"-O2 -DONLINE_JUDGE","maxlen":65536,"editor":"c","_id":"6710ac7ce79f9b47b620bb61"},{"name":"java","exec":"javac","maxlen":65536,"editor":"java","_id":"6710ac7ce79f9b47b620bb62"},{"name":"python","exec":"python3","maxlen":65536,"editor":"python","_id":"6710ac7ce79f9b47b620bb63"}],"subtasks":[],"additionalFiles":[]}