{"title":"贝壳统计（shell）","isOfSubtask":false,"scoreScript":"raw","cases":[{"ansId":0,"score":4,"inputFile":"1.in","outputFile":"1.out","timeLimit":2000,"memLimit":256},{"ansId":0,"score":4,"inputFile":"2.in","outputFile":"2.out","timeLimit":2000,"memLimit":256},{"ansId":0,"score":4,"inputFile":"3.in","outputFile":"3.out","timeLimit":2000,"memLimit":256},{"ansId":0,"score":4,"inputFile":"4.in","outputFile":"4.out","timeLimit":2000,"memLimit":256},{"ansId":0,"score":4,"inputFile":"5.in","outputFile":"5.out","timeLimit":2000,"memLimit":256},{"ansId":0,"score":4,"inputFile":"6.in","outputFile":"6.out","timeLimit":2000,"memLimit":256},{"ansId":0,"score":4,"inputFile":"7.in","outputFile":"7.out","timeLimit":2000,"memLimit":256},{"ansId":0,"score":4,"inputFile":"8.in","outputFile":"8.out","timeLimit":2000,"memLimit":256},{"ansId":0,"score":4,"inputFile":"9.in","outputFile":"9.out","timeLimit":2000,"memLimit":256},{"ansId":0,"score":4,"inputFile":"10.in","outputFile":"10.out","timeLimit":2000,"memLimit":256},{"ansId":0,"score":4,"inputFile":"11.in","outputFile":"11.out","timeLimit":2000,"memLimit":256},{"ansId":0,"score":4,"inputFile":"12.in","outputFile":"12.out","timeLimit":2000,"memLimit":256},{"ansId":0,"score":4,"inputFile":"13.in","outputFile":"13.out","timeLimit":2000,"memLimit":256},{"ansId":0,"score":4,"inputFile":"14.in","outputFile":"14.out","timeLimit":2000,"memLimit":256},{"ansId":0,"score":4,"inputFile":"15.in","outputFile":"15.out","timeLimit":2000,"memLimit":256},{"ansId":0,"score":4,"inputFile":"16.in","outputFile":"16.out","timeLimit":2000,"memLimit":256},{"ansId":0,"score":4,"inputFile":"17.in","outputFile":"17.out","timeLimit":2000,"memLimit":256},{"ansId":0,"score":4,"inputFile":"18.in","outputFile":"18.out","timeLimit":2000,"memLimit":256},{"ansId":0,"score":4,"inputFile":"19.in","outputFile":"19.out","timeLimit":2000,"memLimit":256},{"ansId":0,"score":4,"inputFile":"20.in","outputFile":"20.out","timeLimit":2000,"memLimit":256},{"ansId":0,"score":4,"inputFile":"21.in","outputFile":"21.out","timeLimit":2000,"memLimit":256},{"ansId":0,"score":4,"inputFile":"22.in","outputFile":"22.out","timeLimit":2000,"memLimit":256},{"ansId":0,"score":4,"inputFile":"23.in","outputFile":"23.out","timeLimit":2000,"memLimit":256},{"ansId":0,"score":4,"inputFile":"24.in","outputFile":"24.out","timeLimit":2000,"memLimit":256},{"ansId":0,"score":4,"inputFile":"25.in","outputFile":"25.out","timeLimit":2000,"memLimit":256}],"langs":[{"name":"g++","exec":"g++","args":"-O2 -DONLINE_JUDGE","maxlen":65536,"editor":"cpp","_id":"67107746e79f9b47b6209e1c"},{"name":"gcc","exec":"gcc","args":"-O2 -DONLINE_JUDGE","maxlen":65536,"editor":"c","_id":"67107746e79f9b47b6209e1d"},{"name":"java","exec":"javac","maxlen":65536,"editor":"java","_id":"67107746e79f9b47b6209e1e"},{"name":"python","exec":"python3","maxlen":65536,"editor":"python","_id":"67107746e79f9b47b6209e1f"}],"subtasks":[],"additionalFiles":[]}